{"cameraMode":{"drawMode":0,"name":"Shaded","section":"Shading Mode"},"sceneLighting":false,"audioPlay":false,"sceneViewState":{"m_AlwaysRefresh":false,"showFog":true,"showSkybox":false,"showFlares":true,"showImageEffects":true,"showParticleSystems":true,"showVisualEffectGraphs":true,"m_FxEnabled":true},"in2DMode":false,"pivot":{"x":-0.04000002145767212,"y":2.4200000762939455,"z":9.09000015258789},"rotation":{"x":0.12821026146411897,"y":0.48188653588294985,"z":-0.07146791368722916,"w":0.8638960719108582},"size":1.5242911577224732,"orthographic":false}