{"cameraMode":{"drawMode":0,"name":"Shaded","section":"Shading Mode"},"sceneLighting":true,"audioPlay":false,"sceneViewState":{"m_AlwaysRefresh":false,"showFog":true,"showSkybox":true,"showFlares":true,"showImageEffects":true,"showParticleSystems":true,"showVisualEffectGraphs":true,"m_FxEnabled":true},"in2DMode":false,"pivot":{"x":-1.5139570236206055,"y":2.4199962615966799,"z":1.7540063858032227},"rotation":{"x":0.1249372810125351,"y":0.7889143824577332,"z":-0.17091745138168336,"w":0.5770146250724793},"size":11.147130012512207,"orthographic":false}