{"cameraMode":{"drawMode":0,"name":"Shaded","section":"Shading Mode"},"sceneLighting":true,"audioPlay":false,"sceneViewState":{"m_AlwaysRefresh":false,"showFog":true,"showSkybox":true,"showFlares":true,"showImageEffects":true,"showParticleSystems":true,"showVisualEffectGraphs":true,"m_FxEnabled":true},"in2DMode":false,"pivot":{"x":201.94920349121095,"y":218.69390869140626,"z":132.40023803710938},"rotation":{"x":0.21318627893924714,"y":0.004683167673647404,"z":-0.0011381543008610607,"w":0.9771375060081482},"size":371.0886535644531,"orthographic":false}